similarity,label
1.0000000000000002,1
0.7092972666062738,1
0.0,0
0.0,0
1.0000000000000002,1
0.3360969272762575,1
0.17077611319011649,0
0.0,0
